label,url,paragraph
Change management / training / adoption,https://www.reddit.com/r/MachineLearning/comments/ajgzoc/we_are_oriol_vinyals_and_david_silver_from/,"In particular, we included a policy distillation cost to ensure that the agent continues to try human-like behaviours with some probability throughout training, and this makes it much easier to discover unlikely strategies than when starting from self-play"
Change management / training / adoption,https://www.reddit.com/r/MachineLearning/comments/51qhc8/phdlevel_courses?st=isz2lqdk&sh=56c58cd6,"I don't mind if there are no videos, but I don't like courses with no videos and extra concise and incomprehensible slides"
Change management / training / adoption,https://www.reddit.com/r/MachineLearning/comments/76xjb5/ama_we_are_david_silver_and_julian_schrittwieser/,"We are excited to talk to you about the history of AlphaGo, our most recent research on AlphaGo, and the challenge matches against the 18-time world champion Lee Sedol in 2017 and world #1 Ke Jie earlier this year"
Cost & infrastructure constraints,https://old.reddit.com/r/consulting/comments/kzgywy/could_this_meeting_with_an_unknown_deloitte_ppmd/,"Senior consultant in GPS (government and public services) with future projects stable
Great performance reviews on client side (top right), including a recent applause award
Currently supporting a full-time project at 40 hours per week, project to continue for the next year
Utilization at about 80% following a four week PTO in Dec 2020 (no more planned PTO, so it'll be 90% by end of performance year easy)
In compliance with all Deloitte requirements on MCD"
Cost & infrastructure constraints,https://www.reddit.com/r/consulting/comments/1lzbn6m/interested_in_becoming_a_consultant_post_here_for/?sort=new,"rising junior but interested in business and medicine and somewhat interested in consulting before med school. i am pursuing a dual life science and business program of study at a target university. i lack business work experience, but have solid research experience, leadership, strong gpa, and ACT. i was told that consulting typically takes talent from many disciplines, and decided to just apply for on 2026 summer analyst positions, raw (as in without contacting people or recruiters)."
Cost & infrastructure constraints,https://www.reddit.com/r/consulting/comments/1lzbmnh/starting_a_new_job_in_consulting_post_here_for/?sort=new,Last Quarter's Post https://www.reddit.com/r/consulting/comments/1ifajri/starting_a_new_job_in_consulting_post_here_for/
"Data issues (quality, access, governance)",https://www.reddit.com/r/MachineLearning/comments/fdw0ax/d_advanced_courses_update/,Machine Learning in Production / AI Engineering (17-445/17-645/17-745/11-695)
"Data issues (quality, access, governance)",https://old.reddit.com/r/consulting/comments/1lvs78q/directors_engagement_leads_have_turned_off_their/,You know what? AI is actually going to speed up certain trends: those who do not bring real value will collapse faster and those who actually care about the impact they make and have the willingness to squeeze their brains to do it will be more visible
"Data issues (quality, access, governance)",https://old.reddit.com/r/consulting/comments/j6g4yk/frustrating_to_see_clients_throw_away_money/,One of my key areas of expertise is helping businesses discover applications of AI and implement these solutions at scale
No business case / unclear ROI,https://old.reddit.com/r/consulting/comments/1gtrrh8/boardsi_is_a_scam_my_experience/,They make revenue if they keep the candidates longer looking for a seat
No business case / unclear ROI,https://old.reddit.com/r/consulting/comments/kzgywy/could_this_meeting_with_an_unknown_deloitte_ppmd/,"Immediately after COVID-19, Deloitte projected GPS would have no revenue growth (and no loss), and commercial would have a revenue decrease of 15%"
No business case / unclear ROI,https://old.reddit.com/r/consulting/comments/1dfe07g/is_it_just_me_or_is_this_industry_bs/,"Turns out coming up with brilliant and cutting edge ideas is in fact difficult, and most firms just need to hear new ideas & strategies on how they can Boost Revenue, Reduce Costs, and Not Get Sued/Fined/Sanctioned."
Poor workflow integration / IT alignment,https://www.reddit.com/r/MachineLearning/comments/ceece3/ama_we_are_noam_brown_and_tuomas_sandholm/,"We are happy to answer your questions about Pluribus, the experiment, AI, imperfect-information games, Carnegie Mellon, Facebook AI Research, or any other questions you might have! A few of the pros Pluribus played against may also jump in if anyone has questions about what it's like playing against the bot, participating in the experiment, or playing professional poker"
Poor workflow integration / IT alignment,https://www.reddit.com/r/MachineLearning/comments/ajgzoc/we_are_oriol_vinyals_and_david_silver_from/,"It’s hard to put exact numbers on scaling, but our experience was that enriching the space of strategies in the League helped to make the final agents more robust"
Poor workflow integration / IT alignment,https://www.reddit.com/r/MachineLearning/comments/51qhc8/phdlevel_courses?st=isz2lqdk&sh=56c58cd6,"For instance, check out this sweet course on modeling discrete data via the teaching page of David Blei (the guy who came up with LDA): http://www.cs.columbia.edu/~blei/seminar/2016_discrete_data/index.html"
"Risk, compliance & legal",https://old.reddit.com/r/consulting/comments/1gtrrh8/boardsi_is_a_scam_my_experience/,They also told me that they had 5-6 roles right now that they could send my profile too (it seemed like a 'no risk' proposition!)
"Risk, compliance & legal",https://old.reddit.com/r/consulting/comments/1m6bbu0/most_women_in_consulting_are_gone_by_their_30s_why/,There's a huge risk for women who are great at those things to have their business approach be misinterpreted as an intimate/romantic approach by prospective clients
"Risk, compliance & legal",https://old.reddit.com/r/consulting/comments/1m6bbu0/most_women_in_consulting_are_gone_by_their_30s_why/,I’m sure not allowing women to attend most colleges or certain program and being able to legal discrimate against them for jobs totally didn’t impact workforce participation
